Post,Comment,Date,Sentiment_Value,Sentiment
Tube Strike notice in The Metro,52 days leave for station staff!,2015-08-05 06:57:02,0.0,Neutral
Tube Strike notice in The Metro,"So I'm stuck between my various ideologies here.

I want there to be strong unions, who have the capacity to strike in order to present their grievances. The more power we can provide workers, the less chance there is of the government just decanting the entire population into a Dickensian workhouse (which really feels like the Tory endgame at this point).

But on the other hand, two strikes in a month, absolutely no compromise on the march of progress, benefits some of us would murder for... Tube staff are doing a better of fucking perception of unions than Thatcher ever could.",2015-08-05 08:38:22,0.05833333333333334,Positive
Tube Strike notice in The Metro,">**Tube strike**

>I am sorry that your journeys this evening and tomorrow will again be disrupted by the unions.

>We listened to their concerns over work-life balance and put forward an extremely fair revised offer:

>- An above-inflation average two per cent salary increase this year and an inflation proof
rise in 2016 and 2017.
>- Staff on Night Tube lines or stations will be paid ¬£500 once the service is introduced on 12 September.
>- Station staff will receive a ¬£500 bonus in February 2016 for the successful completion of the modernisation of customer service, currently being carried out.
>- Drivers, who already work shifts covering 24 hours, will receive an extra ¬£200 per Night Tube shift during a short transition period, after which they will have the choice whether or not to work Night Tube shifts.

>Drivers will have the same number of weekends off as now and no one will be asked to work more hours than they do today. Everybody will remain entitled to two days off in seven. Annual leave will remain at 43 days for a train driver and 52 days for station staff.

>The unions rejected this fair offer outright and instead demanded more money, the hiring of even more staff - including for ticket offices that customers no longer use - and a 32 hour four day week. No employer can afford to meet those sorts of demands.

>We continue to urge them to call off the strike, put the new offer to their members and not subject Londoners to further unnecessary disruption. We remain available for talks at any time.

>If the strike goes ahead, please complete your journeys on the Tube by 18:30 tonight.

>There will be no Tube service on Thursday 6 August.

>Please check at [tfl.gov.uk/tube-strike](http://tfl.gov.uk/tube-strike)",2015-08-05 07:24:08,0.18442760942760944,Positive
Tube Strike notice in The Metro,"Every time I read/hear about an argument from either side, it's never clear. TFL say drivers don't have to work night shifts. They hammer that point across all the time. And Unions say they don't want to work night shifts. So what the hell?

""Drivers who already work shifts covering 24 hours...#"" - 24 hours over how long? A week? 2 days?

""Will recieve an extra ¬£200 per Night Tube shift during a short transition period"" - How long is that?

""After they will have a choice..."" - So every driver can say they don't want to work a night shift?

None of it makes sense.",2015-08-05 07:28:15,-0.030000000000000006,Negative
Tube Strike notice in The Metro,"Regardless of the outcome, it's only a matter of time till the automation revolution...",2015-08-05 15:51:52,0.0,Neutral
Tube Strike notice in The Metro,[deleted],2015-08-05 09:14:28,0.0,Neutral
Tube Strike notice in The Metro,I love how the DLR can't strike...,2015-08-05 07:43:43,0.5,Positive
Tube Strike notice in The Metro,"I work in retail and have done for the past 10 years, I wish we had this kind of power behind us. ",2015-08-05 11:29:30,-0.01666666666666668,Negative
Tube Strike notice in The Metro,Greed prevails.,2015-08-05 18:11:41,0.0,Neutral
Tube Strike notice in The Metro,"When the network has fully automated, self-driving trains (coming 2030-ish), this won't be a problem anymore.",2015-08-05 09:43:31,0.0,Neutral
Tube Strike notice in The Metro,52 days leave?!?!,2015-08-05 06:58:05,0.0,Neutral
Tube Strike notice in The Metro,"Meh, I don't know what to think.  A one-off payment of ¬£500 to start working night shifts for the rest of your career...would anyone here accept that?",2015-08-05 08:13:59,0.0,Neutral
Tube Strike notice in The Metro,"Well shit, maybe I should become a tube driver!",2015-08-05 06:47:37,-0.25,Negative
Tube Strike notice in The Metro,Anyone else happy about this? I get to work from home and I don't give a shit about my job anyway so this is like a snow day for me.,2015-08-05 09:17:04,0.30000000000000004,Positive
Tube Strike notice in The Metro,[deleted],2015-08-05 07:30:43,0.0,Neutral
"Welp, that post about the strange thing in the Thames just made metro news.","# Upvote/Downvote reminder

Like this image or appreciate it being posted? Upvote it and show it some love! Don't like it? Just downvote and move on. 

*Upvoting or downvoting images it the best way to control what you see on your feed and what gets to the top of the subreddit*


*I am a bot, and this action was performed automatically. Please [contact the moderators of this subreddit](/message/compose/?to=/r/london) if you have any questions or concerns.*",2023-08-01 05:32:47,0.55625,Positive
"Welp, that post about the strange thing in the Thames just made metro news.","And my ""Loch Thames monster"" comment made the headline of the online version 

[https://metro.co.uk/2023/07/31/london-loch-thames-monster-man-makes-bizarre-find-in-river-thames-19219914/](https://metro.co.uk/2023/07/31/london-loch-thames-monster-man-makes-bizarre-find-in-river-thames-19219914/)",2023-08-01 06:02:11,0.0,Neutral
"Welp, that post about the strange thing in the Thames just made metro news.",I‚Äôm hoping they paid you for usage of your photo? If not send them an invoice,2023-08-01 09:13:29,0.0,Neutral
"Welp, that post about the strange thing in the Thames just made metro news.",‚ÄúInvestigative‚Äù journalism.,2023-08-01 05:59:20,0.0,Neutral
"Welp, that post about the strange thing in the Thames just made metro news.","Such lazy journalism, scouring Reddit for stories",2023-08-01 07:56:32,-0.125,Negative
"Welp, that post about the strange thing in the Thames just made metro news.",Half of regional newspapers and humour sites is just stuff stolen from Reddit. AITA is regularly nicked by the-too-lazy-to-work-today-lets-trigger-outrage-in-the-comments ‚Äòjournalists‚Äô  :),2023-08-01 08:37:52,0.11111111111111112,Positive
"Welp, that post about the strange thing in the Thames just made metro news.",Ed,2023-08-01 08:25:16,0.0,Neutral
"Welp, that post about the strange thing in the Thames just made metro news.","""Something strange breaks the surface of the murky Thames."" 
Did they deliberately put a picture of Ed Sheeran right above it?",2023-08-01 11:59:13,0.07857142857142857,Positive
"Welp, that post about the strange thing in the Thames just made metro news.",Meanwhile we don‚Äôt even get coverage about one of the most important meetings happening in congress that could affect the entirety of human history.,2023-08-01 08:12:50,0.3,Positive
"Welp, that post about the strange thing in the Thames just made metro news.",r/slownewsday,2023-08-01 09:17:24,0.0,Neutral
"Welp, that post about the strange thing in the Thames just made metro news.",I find that picture of Ed Sheeran more disturbing,2023-08-01 09:07:36,0.0,Neutral
"Welp, that post about the strange thing in the Thames just made metro news.","Y'know what, see if they gave credit for the person who made the post, I would have lots more respect for them.

Just to lift a post from here and scuttle off with it like its their own original content, no...that's bad manners.",2023-08-01 10:35:02,0.19375000000000006,Positive
"Welp, that post about the strange thing in the Thames just made metro news.",About 47% of modern journalism is creating articles from Reddit or Instagram posts or tweets,2023-08-01 11:58:47,0.2,Positive
"Welp, that post about the strange thing in the Thames just made metro news.",Ed Sheeran was in the Thames?,2023-08-01 12:27:41,0.0,Neutral
"Welp, that post about the strange thing in the Thames just made metro news.","The reporter misspelled ""constrictor."" This makes me sad.",2023-08-01 19:16:15,-0.5,Negative
High-quality investigative journalism from today's Metro:,Nobody cared who he was until he put on the mask (and popped out to buy massive leeks),2020-04-23 12:37:13,0.0,Neutral
High-quality investigative journalism from today's Metro:,Imagine being him opening the news and reading about your leeks. That must be pretty surreal,2020-04-23 12:14:17,0.25,Positive
High-quality investigative journalism from today's Metro:,Shouldn't the photographer be at home instead of pissing about taking pictures of people going for their groceries.,2020-04-23 12:05:38,0.0,Neutral
High-quality investigative journalism from today's Metro:,/r/nottheonion,2020-04-23 13:10:01,0.0,Neutral
High-quality investigative journalism from today's Metro:,"'Tom Hardy goes out for a massive leek' would've been better, surely?",2020-04-23 17:06:35,0.3333333333333333,Positive
High-quality investigative journalism from today's Metro:,All the leeks in shops seem to be massive at the moment. It's not like he had a choice of small ones and big ones.,2020-04-23 12:41:06,-0.08333333333333333,Negative
High-quality investigative journalism from today's Metro:,Is he reprising his role in Leeky Blinders?,2020-04-23 14:13:46,0.0,Neutral
High-quality investigative journalism from today's Metro:,[deleted],2020-04-23 11:55:44,0.0,Neutral
High-quality investigative journalism from today's Metro:,If I pull that off...etc.,2020-04-23 11:56:10,0.0,Neutral
High-quality investigative journalism from today's Metro:,Why is Bane wearing that weird mask?,2020-04-23 13:54:56,-0.5,Negative
High-quality investigative journalism from today's Metro:,If he popped out for chickpeas and got them then this would be news,2020-04-23 16:42:51,0.0,Neutral
High-quality investigative journalism from today's Metro:,A massive Tom Hardy pops out to buy leeks during coronavirus lockdown.,2020-04-23 16:54:36,0.0,Neutral
High-quality investigative journalism from today's Metro:,[deleted],2020-04-23 15:06:25,0.0,Neutral
High-quality investigative journalism from today's Metro:,"If only he hadn‚Äôt played Bane, they wouldn‚Äôt have recognised him under that mask.",2020-04-23 17:02:43,0.0,Neutral
High-quality investigative journalism from today's Metro:,He lives near me. So I want to know what shop he‚Äôs in so I can also buy massive leeks,2020-04-23 19:11:33,0.05,Positive
International Metro systems vs London,[deleted],2023-08-09 10:44:51,0.0,Neutral
International Metro systems vs London,"NYC metro is, comfort-wise, better than the tube (much bigger carriages, A/C) but by god it's an actual war zone and mental asylum inside a high speed bazooka tube

I really like the Berlin one, whatever it was called, U-bahn?  

But coverage-wise, the tube is probably unmatched except Tokyo?",2023-08-09 10:41:32,0.12666666666666668,Positive
International Metro systems vs London,"The instanbul metro was opened in 1989 so was built to accommodate a modern population and modern high temperatures. 

By comparison the underground fist opened in 1863 when London had much fewer people and air con wasnt invented. The newest line pre Lizzy was he jubilee line 1979 but some track is older. And even then the population was smaller and ac less common. It's expensive to retrofit the old infrastructure and trains aren't updated that often. 

I really dislike taking the tube because it's busy and crowded and dirty so I quite enjoy visiting another country which has the novelty of underground trains but a much more pleasant experience. Vienna is quite nice.",2023-08-09 10:42:59,0.11725490196078431,Positive
International Metro systems vs London,"They hadn't built most of the Istanbul one last time I was there.

The Greek one is simple, spacious and functional, but large stations operate with no visible staff at all. So if half the machines won't take cards or your ticket doesn't make the gate open, you're a bit stuffed. 

NYC is just like the movies, with mad people going strange things. Children are expected to crawl under barriers, accessibility is crap compared to London.

Paris smells of rubber and as they let anyone with suitcases in free via the side gate, I've not paid for a ticket in 20 years. 

Berlin, Munich, other German cities are functional. Vienna was rather lovely. Tokyo JR and tube and Kyoto subway were great - thankfully signs are also in English.

I'm rather fond of Glasgow's clockwork orange and its little trains, but it's probably claustrophobic in rush hour. 

I'd like to visit Moscow for its amazing art deco stations.",2023-08-09 10:41:32,0.010505952380952394,Positive
International Metro systems vs London,All I know is that Istanbul is not Constantinople,2023-08-09 10:30:08,0.0,Neutral
International Metro systems vs London,"Evenin London there is a wide variation. I find the Metropolitan line or the District far more comfortable than the cramped Central or Jubilee, even though the Metropolitan is the oldest line (Abraham Lincoln was still alive when my work stations of Great Portland Street and Euston Square were opened).

Paris would be the fairest comparison. Their stations are dirtier but the trains more pleasant, and the closer station spacing means shorter walks.",2023-08-09 12:18:58,0.337037037037037,Positive
International Metro systems vs London,"Hong Kong is amazing 

Recently tried the metro in Prague - really good and super cheap.",2023-08-09 13:42:41,0.4066666666666666,Positive
International Metro systems vs London,"Have been on it but honestly can't remember anything of note about it, my most memorable journeys were by boat or strolling across the Galata Bridge.",2023-08-09 12:55:16,0.5333333333333333,Positive
International Metro systems vs London,"London is the original standard, but China has really improved on it and taken the best of all metro systems. They have essentially copied and pasted the same metro system into all their cities and it works really well, though it can get hellishly, cartoonishly packed at rush hour. Same with Seoul in all respects, and a minor niggle is I don't like the metal seats without dividers because you can and will slide across the bench. I forget what the ticketing system is like in China, but in Seoul you use a T-Money card and it can also be used in taxis, buses, convenience stores and on the transit system in some other cities like Busan.

Hong Kong is also very similar but slightly older, their Octopus cards inspired the Oyster card but was infinitely more useful before contactless tech (you could use it in stores as well, and it was useful for the kids of working parents). Their AC is set at unhealthily low temps though, which is bad for your health and the environment.

Athens metro updated their ticketing system recently. It used to be like Berlin's where you had no gates so you could just not pay at all and OASA lost a lot of revenue because of this. Now there are gates, they still use paper tickets but you can also get oyster-style cards where you can buy season tickets. They don't have AC on their carriages but they're not that deep down and they all have windows so it's usually okay. It does have a pick-pocket problem, moreso than the previous systems I talked about (but Asia is kind of different when it comes to crime anyway) and you are basically guaranteeing becoming a victim if you have your phone dangling in a loose pocket. It's a small system, with some really interesting stations in the centre (like one with a track that passes right up against an archaeological site)

I have no good things to say about Rome.",2023-08-09 13:41:33,0.10713236416361416,Positive
International Metro systems vs London,"In my experience, Tokyo is the only one that rivals London in extensiveness, as in, most of the time you don't need to change more than 1 line to get to where you want.",2023-08-09 15:40:25,0.3333333333333333,Positive
International Metro systems vs London,"Something simple that impressed me using public transport in Istanbul:

If someone gets onto a packed bus and can't reach the ticket machine, you just pass-the-parcel from one passenger to the next until someone in reach of the machine validates the ticket, then passes it back down the length of the bus to its rightful owner.",2023-08-10 03:24:22,0.14074074074074075,Positive
International Metro systems vs London,"Yeah went to Tokyo in 2017, really felt like I was in the future lol. Made me realise how old fashioned the tube is",2023-08-09 13:45:14,0.275,Positive
International Metro systems vs London,Trying to go to Seoul next year! But recently there‚Äôs been a rise of people stabbing others for fun üíÄ,2023-08-09 13:07:50,-0.075,Negative
International Metro systems vs London,"Being from Hong Kong, I often like to compare Hong Kong's system to other city's. HK has the best ran system in the world with the highest on-time rate almost every year and being the main mode of public transport for over 7 million people. That said, the HK metro system makes money off of property management since the metro company owns the land where stations are built upon which allows them to build malls and residential buildings above as well as owning a significant stake of the octopus card company (oyster cards copied after them). So in reality the metro company makes more money than they can spend which goes back to very affordable ticket prices that drives bus companies out of business as well as paying dividends to the gov and smaller stakeholders. Plus, the city is geographically tiny compared to London or Greater Tokyo so cost can be focused on keeping the facilities in top condition.",2023-08-09 13:46:25,0.23974358974358975,Positive
International Metro systems vs London,"> comfort-wise, better than the tube (much bigger carriages, A/C) 

I agree re AC but their plastic seats are far more uncomfortable than our padded seats. And the silver colour everywhere makes it look less inviting than our multi-coloured tube. 

agree about the war zone thing though, the fact you have to avoid people with mental health issues is sad af.",2023-08-09 10:48:32,-0.020833333333333315,Negative
Does Metro not do the McDonald‚Äôs vouchers anymore?,"unfortunately not, i‚Äôve even tried entering the codes manually on the touch screens and they don‚Äôt work either

if you still have the Metro/WHSmith vouchers from ages ago then i‚Äôve been lucky enough to still use them if i order at the counter though

but otherwise, doing the surveys on the receipt is your best bet",2023-05-09 12:04:00,0.3958333333333333,Positive
Does Metro not do the McDonald‚Äôs vouchers anymore?,"used to have the barcode for ¬£1.99 Big Mac and chips memorised so i could enter it on the machines lol

was a life saver as a hungry student. until you got hassled for the voucher but you didnt actually have one. 

Code hasnt worked for about 2 years and it feels like thats how long ago they stopped doing vouchers too.",2023-05-09 23:05:09,0.1875,Positive
Does Metro not do the McDonald‚Äôs vouchers anymore?,McDonalds are getting out of pocket with the prices.,2023-05-09 12:54:59,0.0,Neutral
Does Metro not do the McDonald‚Äôs vouchers anymore?,"Ah.. the nostalgia of cutting out McD newspaper coupons...

and the pain of finding out it's expired at McD counter",2023-05-09 18:56:52,-0.6,Negative
Does Metro not do the McDonald‚Äôs vouchers anymore?,"Since they launched their app, they don‚Äôt do the newspaper/back of bus ticket offers any more",2023-05-09 18:41:40,0.3,Positive
Does Metro not do the McDonald‚Äôs vouchers anymore?,I think so. They only option for the ¬£1.99 deal (atm) is to use an oldish receipt and do the survey and obtain a code. Problem is some of the machines aren't updated to recognise the codes so you need to go an employee register.,2023-05-09 11:32:06,0.0,Neutral
Does Metro not do the McDonald‚Äôs vouchers anymore?,[deleted],2023-05-09 11:41:51,0.0,Neutral
Does Metro not do the McDonald‚Äôs vouchers anymore?,"No, but complete the survey at the top of the receipt to get a burger and fries for 1.99 - only takes about a minute. I know it's accepted for filets, but not sure what the other accepted burgers are",2023-05-09 11:18:10,0.045,Positive
Does Metro not do the McDonald‚Äôs vouchers anymore?,Lady at WHSmiths gave us a huge wad of them. Ended up pinning them on the notice board at work and 100+ of us are still going through them. In my experience they do a lot of deals with each other and give them the proper leaflets so it is always worth asking.,2023-05-09 21:51:02,0.14375000000000002,Positive
Does Metro not do the McDonald‚Äôs vouchers anymore?,"Mcdonalds now is super expensive, KFC is super ridiculously expensive too and only Burger King is still okay for what can offer. Since when mediocre chicken meat is more expensive than Angus beef? WTF KFC I used to love it now I hate it",2023-05-09 12:26:17,-0.13333333333333333,Negative
Does Metro not do the McDonald‚Äôs vouchers anymore?,[deleted],2023-05-09 11:07:20,0.0,Neutral
Does Metro not do the McDonald‚Äôs vouchers anymore?,"McDonalds is in decline;

:- Their shop's new interior designs have made it near impossible to sit in and eat anything. Their shops are stressful, clusterphobic, & dirty. And thats even before dealing with weekends and hyperactive kids fighting inside.

:- Their touchscreen system is shit & makes it near impossible to order anything. 

:- Their menu is waaaay too dear. ¬£6.00 for a Big Mac meal is stupid. A Chinese buffet restaurant is better value than a McDonalds now.

:- Their double cheeseburger is now too expensive too. Around 2.00 now. 

-

Why bother? Its cheaper to just go to a lidl & cook this stuff at home.",2023-05-09 11:48:48,-0.19976689976689974,Negative
Does Metro not do the McDonald‚Äôs vouchers anymore?,Mc D‚Äôs  is  truly  awful ‚Äòfood‚Äô i do not get why  peoples love it - its vile,2023-05-09 11:54:45,-0.25,Negative
Does Metro not do the McDonald‚Äôs vouchers anymore?,I'm not sure they are allowed to anymore due to the whole sugar tax/not advertising near kids etc.,2023-05-09 16:37:02,-0.018749999999999996,Negative
Does Metro not do the McDonald‚Äôs vouchers anymore?,"I haven't really eaten there since they stopped. They had a fish filet special the other day. I got one, and a sweet and sour sauce. It's an amazing flavour profile when combined with the filet and tartar sauce.",2023-05-09 20:58:15,0.20535714285714288,Positive
"Convoy drives through London shouting 'f**k the Jews, rape their daughters' | Metro News",Four have been arrested: https://news.met.police.uk/news/four-arrests-following-video-of-anti-semitic-abuse-in-north-london-427388?utm_campaign=send_list,2021-05-16 18:49:15,0.0,Neutral
"Convoy drives through London shouting 'f**k the Jews, rape their daughters' | Metro News",Fucking pricks,2021-05-16 16:19:34,-0.6,Negative
"Convoy drives through London shouting 'f**k the Jews, rape their daughters' | Metro News","Fuck these racists,",2021-05-16 18:23:28,-0.4,Negative
"Convoy drives through London shouting 'f**k the Jews, rape their daughters' | Metro News",Grade A Cunts,2021-05-16 19:21:16,0.0,Neutral
"Convoy drives through London shouting 'f**k the Jews, rape their daughters' | Metro News",[deleted],2021-05-16 16:17:41,0.0,Neutral
"Convoy drives through London shouting 'f**k the Jews, rape their daughters' | Metro News","This shit has been festering in London for a while, and it's only getting worse. This new angle isn't about Palestine at all, it's about sowing more division in our communities and using fear and hatred to prey on innocent people.

https://www.bbc.co.uk/news/uk-england-london-50938967

https://www.huffingtonpost.co.uk/entry/stamford-hill-attack-pregnant-woman-anti-semitic_uk_6058dbf3c5b6d6c2a2a914e7

https://www.eastlondonlines.co.uk/2020/11/anti-semitic-nazi-slogans-daubed-on-stamford-hill-bus-stops/",2021-05-16 16:40:51,0.08939393939393937,Positive
"Convoy drives through London shouting 'f**k the Jews, rape their daughters' | Metro News",[deleted],2021-05-16 15:50:59,0.0,Neutral
"Convoy drives through London shouting 'f**k the Jews, rape their daughters' | Metro News",What is wrong with people..,2021-05-16 16:49:59,-0.5,Negative
"Convoy drives through London shouting 'f**k the Jews, rape their daughters' | Metro News","Great to import sectarianism into the streets.

Why can't people just protest and that's it.",2021-05-16 15:33:59,0.8,Positive
"Convoy drives through London shouting 'f**k the Jews, rape their daughters' | Metro News","I was at the protest yesterday. This type of behaviour is not only wrong in itself but also wholly detracts from the message which was to oppose oppression.

A lot of people use Israel and Jews interchangeably. I fully oppose Israel but to blame anyone who just happens to be Jewish is messed up.

It's often lumped together by those who are anti semitic but also the pro Israeli lobby too (and Israel branding itself as a Jewish state as if it's doing these things in the name of all Jews) which doesn't help. Saying something against Israel is often considered anti semitic which again blurs the lines.

At a time of heightened tension and divisions, let's use words carefully and not overstep because words have meaning and the ability to influence others and their thoughts.",2021-05-16 21:06:02,-0.12,Negative
"Convoy drives through London shouting 'f**k the Jews, rape their daughters' | Metro News",Absolutely sickening,2021-05-16 15:24:35,-0.9,Negative
"Convoy drives through London shouting 'f**k the Jews, rape their daughters' | Metro News",I don‚Äôt understand how this is happening in 2021 - where‚Äôs the police???,2021-05-16 16:33:59,0.0,Neutral
"Convoy drives through London shouting 'f**k the Jews, rape their daughters' | Metro News","This type of thing always happens at anti-Israel demos. Corbyn gave a speech at one yesterday directly next to an antisemitic effigy that looked like it could have been straight out of Borat. I'm not going to share the image as it's so disgusting. 

And these guys feel so empowered that there will be no consequences for their actions that they are openly racist to predominantly Jewish areas of our city. Sickening.",2021-05-16 15:24:27,-0.2833333333333334,Negative
"Convoy drives through London shouting 'f**k the Jews, rape their daughters' | Metro News","Should be open and close case for the police. Literally cars driving around a neighbourhood targeting people of a specific religeous group and shouting hate speach at them and threatening to rape their family members. All on camera. Arrest them on the spot and let the courts decide if the videos are enough to sentence them.

If a group of white people went around a mainly muslim area doing the same they'd be stopped pretty quick im sure.

Allowing this to happen will just make things worse. They sent so many officers to the peaceful quiet Sarah Everard vigil and dragged people away and arrested many but for stuff like this fuck all happens. Priorities always look fucked when it comes to the police. Same with anti lockdown protests, many police at the Sarah Everard vigil dragging people away for not following social distancing but then a gathering specifically against social distancing gets left untouched. I was wondering why Cressida Dick hadn't been replaced yet but apparently its not GLA/Khan who appoints the position, its the Home Secretary who of course is a dick herself.",2021-05-16 18:46:52,0.03466666666666666,Positive
"Convoy drives through London shouting 'f**k the Jews, rape their daughters' | Metro News",That's not helping.,2021-05-16 17:14:13,0.0,Neutral
Warning posters on the tube over Metro/ES Propaganda,"Isn't the metro just rehashed memes from reddit, made up love stories and a half decent crossword? I feel so indoctrinated! ",2018-01-23 10:45:37,0.18055555555555558,Positive
Warning posters on the tube over Metro/ES Propaganda,[deleted],2018-01-23 12:05:32,0.0,Neutral
Warning posters on the tube over Metro/ES Propaganda,[deleted],2018-01-23 11:33:51,0.0,Neutral
Warning posters on the tube over Metro/ES Propaganda,"As long as they‚Äôre not all owned and edited by the *same* billionaire, I don‚Äôt have a problem.",2018-01-23 14:44:24,-0.025,Negative
Warning posters on the tube over Metro/ES Propaganda,[deleted],2018-01-23 11:05:08,0.0,Neutral
Warning posters on the tube over Metro/ES Propaganda,The sign just comes across as condescending,2018-01-23 13:08:57,0.0,Neutral
Warning posters on the tube over Metro/ES Propaganda,[deleted],2018-01-23 11:06:58,0.0,Neutral
Warning posters on the tube over Metro/ES Propaganda,or maybe just read them with a critical eye than become less informed ,2018-01-23 14:57:23,-0.08333333333333333,Negative
Warning posters on the tube over Metro/ES Propaganda,"TIL rich people own businesses. Thanks for the profound insight OP. 
",2018-01-23 16:57:26,0.3145833333333333,Positive
Warning posters on the tube over Metro/ES Propaganda,DAE newspapers I don't agree with are literal propaganda?,2018-01-23 15:10:47,-0.1,Negative
Warning posters on the tube over Metro/ES Propaganda,How are we defining 3/4 here?,2018-01-23 17:22:49,0.0,Neutral
Warning posters on the tube over Metro/ES Propaganda,"The entertainment and comedy section is really good in the Metro, but aside from that it is a bit of a waste of paper to be honest... ",2018-01-24 06:52:08,0.36666666666666664,Positive
Warning posters on the tube over Metro/ES Propaganda,[deleted],2018-01-23 18:57:16,0.0,Neutral
Warning posters on the tube over Metro/ES Propaganda,They should change the ES's name to the Freevening Standard (would save the guys handing them out some extra syllables).,2018-01-23 22:31:01,0.0,Neutral
Warning posters on the tube over Metro/ES Propaganda,"Quite like that, Metros awesome though. ",2018-01-23 14:00:35,1.0,Positive
All trains cancelled from London Euston station days before Christmas,Got two mates who went up to Liverpool to watch West Ham get pumped yesterday and are now stuck there,2023-12-21 15:45:23,0.0,Neutral
All trains cancelled from London Euston station days before Christmas,"Euston, we have a problem!",2023-12-21 16:35:11,0.0,Neutral
All trains cancelled from London Euston station days before Christmas,"If only we had two lines going north out of Euston, wouldn't that redundancy be handy in situations like this",2023-12-21 15:26:51,0.3,Positive
All trains cancelled from London Euston station days before Christmas,"Yep, had a family member travelling down from the north west and they‚Äôve been kicked off their train outside Birmingham and told to find another route into London!",2023-12-21 15:29:35,-0.07777777777777779,Negative
All trains cancelled from London Euston station days before Christmas,"Was in London a month ago and had a noon flight to the US at Heathrow.  I was staying near Paddington Station, went there to take the Express, turned out all lines (including Elizabeth & Piccadilly) to Heathrow were cancelled until further notice.

Ended up splitting a taxi with 3 random people as we had no other option to get to Heathrow. The taxi queue itself took about an hour after everyone realized it was the only way to get to the airport.  The ride took ANOTHER 50-60 minutes with how bad traffic was.  One of the strangers graciously paid for the ridiculously high ¬£120 fare as his company would expense it. 

Airport security took fucking forever as my bag got dinged for extra search and as fate would have it, my gate was last one in the terminal.  Had to sprint to the gate & was the legitimately the last person to get on the plane.",2023-12-21 18:00:26,-0.1343181818181818,Negative
All trains cancelled from London Euston station days before Christmas,"Seen some photos and videos of the station on Twitter - looks absolutely rammed and chaotic. Hopefully it‚Äôs resolved sooner rather than later. Feel sorry for anyone trying to get out, or into London via Euston",2023-12-21 16:10:03,-0.09999999999999999,Negative
All trains cancelled from London Euston station days before Christmas,Good job we're fixing all those potholes instead of investing instead,2023-12-21 15:54:06,0.7,Positive
All trains cancelled from London Euston station days before Christmas,[deleted],2023-12-21 16:44:46,0.0,Neutral
All trains cancelled from London Euston station days before Christmas,Not again. It happened on Friday too.,2023-12-21 15:31:55,0.0,Neutral
All trains cancelled from London Euston station days before Christmas,Coach takes longer but I've been opting to take it over the train whenever I go home (to Birmingham) nowadays... the topic of going home came up often as uni was finishing and all I heard was 'so many cancelled trains' and 'expensive tickets',2023-12-21 16:20:17,0.0,Neutral
All trains cancelled from London Euston station days before Christmas,"lol I was on a train to Euston that got cancelled at Northampton today. We waited for 2 hrs for rail replacement buses and rail service was restored by the time the buses got to the station. Big brain LNWR only booked 3 replacement buses.

Their plan was literally to bus people that got stuck on the line from Northampton to Milton Keynes and then separately bus people bound for Euston to Watford Junction as Overground was the only functional service at Euston today. 

Ridiculous. I took my train at 11:36 and reached home for 5:30 PM.",2023-12-21 16:36:16,0.09333333333333335,Positive
All trains cancelled from London Euston station days before Christmas,"was literally about to leave to get the train and had to rearrange, feel like tomorrow is now gonna be even more rammed",2023-12-21 15:27:57,0.5,Positive
All trains cancelled from London Euston station days before Christmas,"""The National Union of Rail, Maritime and Transport Workers (RMT) has claimed that Network Rail is slashing the amount of maintenance work in half to support its Modernising Maintenance programme.  
  
Network Rail will cut 1,850 maintenance jobs as part of the Modernising Maintenance programme, which aims to optimise the maintenance teams it has and work more efficiently.  
  
In November Network Rail chief executive Andrew Haines said that the cutbacks in maintenance workers‚Äô jobs were due to the work not being there, but RMT general secretary Mick Lynch has now said that the maintenance work itself is being slashed by 50%.""

https://www.newcivilengineer.com/latest/network-rail-is-slashing-maintenance-work-in-half-to-cut-back-jobs-union-claims-08-02-2023/",2023-12-21 16:42:16,0.06458333333333335,Positive
All trains cancelled from London Euston station days before Christmas,Why is anyone surprised by this?! We have a culture of zero maintenance & hoping it won't break across the board in this country,2023-12-21 16:28:31,0.125,Positive
All trains cancelled from London Euston station days before Christmas,Nothing in this country works anymore !,2023-12-21 16:07:32,0.0,Neutral
Metro Memory Game: Tube station challenge becomes commuter hit,"What about tube bingo? Drunk bloke, someone awkwardly doing something. Loud group of women or men.....I'd play that!! Any more bingo categories you could think of?",2023-10-24 19:16:30,-0.11093750000000002,Negative
"We won't let TfL run Southeastern Metro trains, says government","I ask myself why?

Tory assembly member Nick Rogers said: ‚ÄúWhilst there may be benefits to rail devolution, the mayor‚Äôs stewardship of TfL has been so poor that no responsible government would consider devolving control of suburban rail whilst he is mayor.‚Äù

This is why, because of Tories being Tories.",2023-04-17 11:04:56,-0.16666666666666666,Negative
"We won't let TfL run Southeastern Metro trains, says government","This was all agreed to be transferred over in 2016 to the Mayor, then enter one Chris Grayling into the situation who stopped it 

The annoying thing about southeastern is they are allowed to change their timetable without any consultation, they removed a direct train route to connect with the Elizabeth line",2023-04-17 14:42:42,-0.35000000000000003,Negative
"We won't let TfL run Southeastern Metro trains, says government","This is just in a holding pattern. Once the Tories have been booted out at the next GE, Labour will hand parts of the suburban network over to TfL. Tories just playing politics and making Khan‚Äôs life a bit more awkward with the mayoral elections not far away.",2023-04-17 21:47:31,-0.029999999999999992,Negative
"We won't let TfL run Southeastern Metro trains, says government","In other words ‚ÄúI am so petty and childish that I am going against it because Khan is the mayor. If it was a conservative mayor, they would have unlimited funds so there‚Äù",2023-04-17 17:30:32,-0.1625,Negative
"We won't let TfL run Southeastern Metro trains, says government","I thought the London Assembly's job was to support the mayor and help ensure there is transparency in his actions and they are properly audited, not antagonize him because he's a member of a different party.  


In that sense, Nick Rogers has failed the people of London.",2023-04-17 11:21:35,-0.16666666666666666,Negative
"We won't let TfL run Southeastern Metro trains, says government",Really? Sounds like Labour being Labour. Khan is running our public transport into the ground as it is. No need to let him ruin even more of it.,2023-04-17 16:22:50,0.2333333333333333,Positive
"We won't let TfL run Southeastern Metro trains, says government","Cant go unanswered .   
Central government instructed TFL to maintain a near full service during COVID with zero income . TFL introduced measures to barrier contact and central government sanctioned a period on nil fares.

TFL were near bankrupt as a result of CENTRAL GOVERNMENT policy.

Post COVID TFL has been denied sufficient funding (other than short term loans) and Has been INSTRUCTED by the Transport Department that funding offered comes with strings ( TO YOU SERVICE CUTS MATE!! )

That said the mayor has managed to save and preserve much of the bus network quite well.

Overall TfL delivers a solid service across a multi modal transport systems and the envy of the rest of the county and any issues should be targeted at central government ! 

So target your venom where it needs to be on this matter !",2023-04-17 17:24:25,0.04038461538461538,Positive
"We won't let TfL run Southeastern Metro trains, says government",Drinking the anti-Khan powerade I see,2023-04-17 17:27:20,0.0,Neutral
"We won't let TfL run Southeastern Metro trains, says government","Taking party politics out of it, TfL should be running the SE metro services anyway, which was suggested by the last Mayor anyway. This party politics gets in the way of a well run transport service.",2023-04-17 17:42:04,0.0,Neutral
"We won't let TfL run Southeastern Metro trains, says government",It'll be hard to make southeastern services any worse. This kind of thing really shouldn't be about party politics.,2023-04-17 16:28:08,0.027083333333333334,Positive
"We won't let TfL run Southeastern Metro trains, says government",Writing in all caps doesn't make your horseshit any less horseshit.,2023-04-17 17:31:10,-0.16666666666666666,Negative
"We won't let TfL run Southeastern Metro trains, says government",Or just someone who doesn't have their head buried in the sand.,2023-04-17 17:31:26,0.0,Neutral
"We won't let TfL run Southeastern Metro trains, says government","It runs on the same tracks and uses the same facilities as longer-distance services, though. You'd need to find somewhere to build a new depot, new train maintenance facilities, etc. You'd need the two train companies to co-ordinate timetables into London Bridge. Just makes no sense to add unnecessary complication other than for petty political reasons.",2023-04-17 18:50:32,-0.036038961038961044,Negative
"We won't let TfL run Southeastern Metro trains, says government","Not all in caps is it through ? perhaps you have more than platitudes, so ideas how to deliver a better transport network across London etc‚Ä¶..  I‚Äôll wait !",2023-04-17 17:44:28,0.30833333333333335,Positive
"We won't let TfL run Southeastern Metro trains, says government",But rather your head is buried up your ass.,2023-04-17 17:35:10,0.0,Neutral
